image_name,comment
1000092795.jpg,Two young guys with shaggy hair look at their hands while hanging out in the yard .
1000092795.jpg,"Two young , White males are outside near many bushes ."
1000092795.jpg,Two men in green shirts are standing in a yard .
1000092795.jpg,A man in a blue shirt standing in a garden .
1000092795.jpg,Two friends enjoy time spent together .
10002456.jpg,Several men in hard hats are operating a giant pulley system .
10002456.jpg,Workers look down from up above on a piece of equipment .
10002456.jpg,Two men working on a machine wearing hard hats .
10002456.jpg,Four men on top of a tall structure .
10002456.jpg,Three men on a large rig .
1000268201.jpg,A child in a pink dress is climbing up a set of stairs in an entry way .
1000268201.jpg,A little girl in a pink dress going into a wooden cabin .
1000268201.jpg,A little girl climbing the stairs to her playhouse .
1000268201.jpg,A little girl climbing into a wooden playhouse
1000268201.jpg,A girl going into a wooden building .
1000344755.jpg,Someone in a blue shirt and hat is standing on stair and leaning against a window .
1000344755.jpg,A man in a blue shirt is standing on a ladder cleaning a window .
1000344755.jpg,A man on a ladder cleans the window of a tall building .
1000344755.jpg,man in blue shirt and jeans on ladder cleaning windows
1000344755.jpg,a man on a ladder cleans a window
1000366164.jpg,"Two men , one in a gray shirt , one in a black shirt , standing near a stove ."
1000366164.jpg,Two guy cooking and joking around with the camera .
1000366164.jpg,Two men in a kitchen cooking food on a stove .
1000366164.jpg,Two men are at the stove preparing food .
1000366164.jpg,Two men are cooking a meal .
1000523639.jpg,Two people in the photo are playing the guitar and the other is poking at him .
1000523639.jpg,A man in green holds a guitar while the other man observes his shirt .
1000523639.jpg,A man is fixing the guitar players costume .
1000523639.jpg,a guy stitching up another man 's coat .
1000523639.jpg,the two boys playing guitar
1000919630.jpg,A man sits in a chair while holding a large stuffed animal of a lion .
1000919630.jpg,A man is sitting on a chair holding a large stuffed animal .
1000919630.jpg,A man completes the finishing touches on a stuffed lion .
1000919630.jpg,A man holds a large stuffed lion toy .
1000919630.jpg,A man is smiling at a stuffed lion
10010052.jpg,A girl is on rollerskates talking on her cellphone standing in a parking lot .
10010052.jpg,A trendy girl talking on her cellphone while gliding slowly down the street .
10010052.jpg,"A young adult wearing rollerblades , holding a cellular phone to her ear ."
10010052.jpg,there is a young girl on her cellphone while skating .
10010052.jpg,Woman talking on cellphone and wearing rollerskates .
1001465944.jpg,An asian man wearing a black suit stands near a dark-haired woman and a brown-haired woman .
1001465944.jpg,Three people are standing outside near large pipes and a metal railing .
1001465944.jpg,A young woman walks past two young people dressed in hip black outfits .
1001465944.jpg,A woman with a large purse is walking by a gate .
1001465944.jpg,Several people standing outside a building .
1001545525.jpg,Two men in Germany jumping over a rail at the same time without shirts .
1001545525.jpg,"Two youths are jumping over a roadside railing , at night ."
1001545525.jpg,Boys dancing on poles in the middle of the night .
1001545525.jpg,Two men with no shirts jumping over a rail .
1001545525.jpg,two guys jumping over a gate together
1001573224.jpg,Five ballet dancers caught mid jump in a dancing studio with sunlight coming through a window .
1001573224.jpg,Ballet dancers in a studio practice jumping with wonderful form .
1001573224.jpg,Five girls are leaping simultaneously in a dance practice room .
1001573224.jpg,Five girls dancing and bending feet in ballet class .
1001573224.jpg,A ballet class of five girls jumping in sequence .
1001633352.jpg,Three young men and a young woman wearing sneakers are leaping in midair at the top of a flight of concrete stairs .
1001633352.jpg,Four casually dressed guys jumping down a stairway outdoors with a stone wall behind them .
1001633352.jpg,Four guys three wearing hats one not are jumping at the top of a staircase .
1001633352.jpg,Four men with excited faces are jumping down from the top of stairs .
1001633352.jpg,Four people are jumping from the top of a flight of stairs .
1001773457.jpg,A black dog and a white dog with brown spots are staring at each other in the street .
1001773457.jpg,A black dog and a tri-colored dog playing with each other on the road .
1001773457.jpg,Two dogs of different breeds looking at each other on the road .
1001773457.jpg,Two dogs on pavement moving toward each other .
1001773457.jpg,A black dog and a spotted dog are fighting
1001896054.jpg,A man with reflective safety clothes and ear protection drives a John Deere tractor on a road .
1001896054.jpg,"John Deere tractors cruises down a street , while the driver wears easy to see clothing ."
1001896054.jpg,A man in a neon green and orange uniform is driving on a green tractor .
1001896054.jpg,A man in a tractor wearing headphones driving down a paved street .
1001896054.jpg,A man driving a John Deere tractor on a main road in the country .
100197432.jpg,Some women are standing in front of a bus with buildings behind it .
100197432.jpg,Several women stand on a city street with tall buildings .
100197432.jpg,A group of women are standing in front of a bus .
100197432.jpg,Several women wait outside in a city .
100197432.jpg,Women are standing outside
100207720.jpg,A young woman with dark hair and wearing glasses is putting white powder on a cake using a sifter .
100207720.jpg,A lady in a black top with glasses is sprinkling powdered sugar on a bundt cake .
100207720.jpg,A woman wearing glasses sprinkles powdered sugar onto her bundt cake .
100207720.jpg,Girl in black jacket sifting powdered sugar over a chocolate cake .
100207720.jpg,A standing woman holds a pan over a cake .
1002674143.jpg,A small girl in the grass plays with fingerpaints in front of a white canvas with a rainbow on it .
1002674143.jpg,A little girl covered in paint sits in front of a painted rainbow with her hands in a bowl .
1002674143.jpg,There is a girl with pigtails sitting in front of a rainbow painting .
1002674143.jpg,A little girl is sitting in front of a large painted rainbow .
1002674143.jpg,Young girl with pigtails painting outside in the grass .
1003163366.jpg,a man sleeping on a bench outside with a white and black dog sitting next to him .
1003163366.jpg,A man lays on the bench to which a white dog is also tied .
1003163366.jpg,man laying on bench holding leash of dog sitting on ground
1003163366.jpg,A shirtless man lies on a park bench with his dog .
1003163366.jpg,A man lays on a bench while his dog sits by him .
1003420127.jpg,"A group of adults , inside a home , sitting on chairs arranged in a circle , playing a type of musical instruments ."
1003420127.jpg,"Five musicians , a man and four women , practicing sheet music (using flutes ) in a living room ."
1003420127.jpg,"People gathered in a circle , some holding musical instruments ."
1003420127.jpg,People gathered in a room to talk about their favorite tunes .
1003420127.jpg,Five people are sitting in a circle with instruments .
1003428081.jpg,"Two women , both wearing glasses , are playing clarinets and an elderly woman is playing a stringed instrument ."
1003428081.jpg,At least four instrumentalists play clarinets and other instruments in a curtained room .
1003428081.jpg,"Four women in a living room , three of which are clearly playing a musical instrument ."
1003428081.jpg,A bunch of elderly women play their clarinets together as they read off sheet music .
1003428081.jpg,"A group of four women , are performing music on their instruments ."
100444898.jpg,A person in gray stands alone on a structure outdoors in the dark .
100444898.jpg,A large structure has broken and is laying in a roadway .
100444898.jpg,A man in a gray coat is standing on a washed out bridge .
100444898.jpg,A man stands on wooden supports and surveys damage .
100444898.jpg,A man in a jacket and jeans standing on a bridge .
1005216151.jpg,A man in a white t-shirt looks toward the camera surrounded by a crowd near a metro station .
1005216151.jpg,A large crowd of people stand outside in front of the entrance to a Metro station .
1005216151.jpg,A group of people are walking through a city street .
1005216151.jpg,A crowd is portrayed near a metro station .
1005216151.jpg,Crowd standing outside a metro area .
100577935.jpg,A man with a goatee in a black shirt and white latex gloves is using a tattoo gun to place a tattoo on someone 's back .
100577935.jpg,A man is putting a tattoo on a another 's man upper back .
100577935.jpg,A man with a black shirt giving another man a tattoo .
100577935.jpg,A man is putting tattoo on his back .
100577935.jpg,A man getting a tattoo on his back .
1006452823.jpg,"two children , a girl and a boy are practicing their writing ."
1006452823.jpg,Two children sit on a small seesaw in the sand .
1006452823.jpg,Two children sitting on a teeter totter .
1006452823.jpg,2 kids playing on a seesaw
1006452823.jpg,Two kids sit on a seesaw .
100652400.jpg,A man in a blue hard hat and orange safety vest stands in an intersection while holding a flag .
100652400.jpg,A man wearing a hard hat and a caution vest is standing in the street waving an orange flag .
100652400.jpg,A man in bright vest and hard hat holds a flag on a street corner covered in spray paint
100652400.jpg,A construction worker is standing in the street and holding a red flag .
100652400.jpg,A man wearing a reflective vest and a hard hat holds a flag in the road
1007129816.jpg,The man with pierced ears is wearing glasses and an orange hat .
1007129816.jpg,A man with glasses is wearing a beer can crocheted hat .
1007129816.jpg,A man with gauges and glasses is wearing a Blitz hat .
1007129816.jpg,A man in an orange hat starring at something .
1007129816.jpg,A man wears an orange hat and glasses .
100716317.jpg,A person with long gray hair has a beret with beige and white wearing a blue raincoat is painting a marketplace scenery surrounded by other artists and paintings .
100716317.jpg,"A person dressed in a blue coat is standing in on a busy sidewalk , studying painting of a street scene ."
100716317.jpg,A person with gray hair is painting in a public place surrounded by others who are also painting .
100716317.jpg,Lady in blue coat with white and brown hat standing in front of a painting .
100716317.jpg,Passerby admiring painting at an outdoor art fair .
1007205537.jpg,A man stands on one foot while holding on to a waste basket .
1007205537.jpg,A man in green pants and blue shirt pushing a cart .
1007205537.jpg,Janitor pushing dolly outside with janitor tools .
1007205537.jpg,A man in green pants walking down the road .
1007205537.jpg,A man in bright pants is pushing a cart .
1007320043.jpg,A small child grips onto the red ropes at the playground .
1007320043.jpg,A little girl in pink climbs a rope bridge at the park .
1007320043.jpg,The small child climbs on a red ropes on a playground .
1007320043.jpg,A little girl climbing on red roping .
1007320043.jpg,A child playing on a rope net .
100759042.jpg,Young man in jacket holding a toothpick with something on the end of it
100759042.jpg,A young man traveling on bus with a piece of flower in his hands .
100759042.jpg,A teen holding an unknown object for photographers .
100759042.jpg,A young man on a train holds an origami crane .
100759042.jpg,You know i am looking like Justin Bieber .
10082347.jpg,Young blond man in a blue and yellow jacket smiling while standing in front of a net .
10082347.jpg,A young man in a black and yellow jacket is gazing at something and smiling .
10082347.jpg,A young man holding a pole vault looks determined .
10082347.jpg,A man is holding a pole and smiling .
10082347.jpg,A smiling man looking at the sky .
10082348.jpg,A man with a baseball cap and black jacket stands in a bathroom while holding a coffee mug .
10082348.jpg,A man is wearing a ball cap and holding a coffee cup between to urinals .
10082348.jpg,a man is posing next to a urinal with a cup of coffee .
10082348.jpg,A man holds a coffee cup while in the bathroom .
10082348.jpg,A man standing at a urinal with a coffee cup .
100845130.jpg,Five people walking with a multicolored sky in the background .
100845130.jpg,Four people walking through the sunset in clear blue skies .
100845130.jpg,Four people walking with the sun setting behind them .
100845130.jpg,Four silhouettes decorate the horizon 's sunset .
100845130.jpg,A group of people walking as the sun sets .
10090841.jpg,A man with black hair sits in a restaurant with a glass of beer .
10090841.jpg,A man is sitting at a table with a drink .
10090841.jpg,A man is sitting at a table with a beer .
10090841.jpg,A dark-haired man sitting drinking .
10090841.jpg,A old man having a beer alone .
1009434119.jpg,A black and white dog is running in a grassy garden surrounded by a white fence .
1009434119.jpg,A Boston Terrier is running on lush green grass in front of a white fence .
1009434119.jpg,A black and white dog is running through the grass .
1009434119.jpg,A dog runs on the green grass near a wooden fence .
1009434119.jpg,A Boston terrier is running in the grass .
1009692167.jpg,An officer in a reflective vest stands at the front of his van with his dog .
1009692167.jpg,A trained police dog sits next to his handler in front of the police van .
1009692167.jpg,A security man with his watch dog is looking for something .
1009692167.jpg,A policeman is standing with a German Shepherd dog .
1009692167.jpg,A policeman stops on a street with a search dog .
101001624.jpg,"The "" white out "" conditions of snow on the ground seem to almost obliverate the details of a man dressed for the cold weather in a heavy jacket and red hat riding a bicycle in a suburban neighborhood ."
101001624.jpg,A young boy rides a bike down a snow covered road .
101001624.jpg,A boy in the snow riding his bike down the street .
101001624.jpg,A person riding a bike on a snowy road .
101001624.jpg,A person riding a bike in snow .
1010031975.jpg,"Five men , uniformly dressed in white shirts , tie and black slacks converse at the back of an open van ."
1010031975.jpg,small group of 5 white males in white suits hanging out by the back of a van in a parking lot talking .
1010031975.jpg,Five men in white short-sleeved shirts and ties stand in a parking lot .
1010031975.jpg,A group of men wearing ties talk while standing on the street .
1010031975.jpg,Colleges stop to take a break from there business meetings .
1010087179.jpg,A tan man with a backwards hat looks at the camera while walking through a factory .
1010087179.jpg,Older man working in a factory not looking too excited about the photograph .
1010087179.jpg,A man in a white shirt and black camp among many machines .
1010087179.jpg,A man with a backwards hat works on machinery .
1010087179.jpg,A man wearing a backwards cap at work .
1010087623.jpg,A caucasian man wearing a short-sleeved black shirt and a dark-skinned woman wearing a sleeveless dress are working at a conveyor .
1010087623.jpg,A black woman and a white man working in a factory setting packing jars with candles into boxes .
1010087623.jpg,A woman is sorting white tall candles as a man in a green shirt stands behind her .
1010087623.jpg,A warehouse manager assisting an employee .
1010087623.jpg,Two people working on an assembly line .
10101477.jpg,"Man wearing a blue and white outfit , holding a broom , with a traditional Asian architecture in the background ."
10101477.jpg,A Asian man wearing a white top and baby blue bottoms is using a broom to remove the dirt of the pavement .
10101477.jpg,A man in a white and blue kimono is using a broom to sweep pavement .
10101477.jpg,Man sweeping the street outside .
10101477.jpg,Asian man sweeping the walkway .
1010470346.jpg,two men in florescent vests are standing next to parked cars in front of a small building while one of them converses with a driver and a woman on a bike is seen riding by
1010470346.jpg,"A man leans into a car to talk to the driver , as a man on a bicycle looks on ."
1010470346.jpg,A man on a bicycle watching a row of cars waiting to go through a checkpoint .
1010470346.jpg,A park ranger talking to a tourist .
1010470346.jpg,Two cars are parked outside .
1010673430.jpg,A little girl in a pink shirt and a little girl in an orange shirt sitting in the grass .
1010673430.jpg,Two young children eating a snack and playing in the grass .
1010673430.jpg,Two young toddlers outside on the grass .
1010673430.jpg,Two infants are at play in the yard .
1010673430.jpg,2 female babies eating chips .
101093029.jpg,A person in tan pants is inside a silver mobile object while people watch .
101093029.jpg,People are watching a person in a weird vehicle in a plaza .
101093029.jpg,A man in a blue shirt driving a Segway type vehicle .
101093029.jpg,a showing of product to advertise
101093029.jpg,A crowd admiring modern art ?
101093045.jpg,"A man in black approaches a strange silver object containing a person , while many onlookers observe from behind a roped off barrier ."
101093045.jpg,A person drives around a futuristic looking vehicle while a man approaches her and a crowd watches .
101093045.jpg,A person riding in a futuristic single-person vehicle .
101093045.jpg,man walking up to silver 4-wheeled chair
101093045.jpg,A man walks by a silver vehicle .
1011572216.jpg,bride and groom walking side by side out of focus on pathway next to brick building .
1011572216.jpg,A beautiful bride walking on a sidewalk with her new husband .
1011572216.jpg,A recently married couple pose for the camera .
1011572216.jpg,A groom and bride are standing arm in arm .
1011572216.jpg,A couple getting married .
1012150929.jpg,A little boy plays with a Nintendo GameCube controller inside a McDonald 's .
1012150929.jpg,A young boy plays a video game in a McDonald 's restaurant .
1012150929.jpg,A young boy plays with a GameCube kiosk at McDonald 's .
1012150929.jpg,A little boy playing GameCube at a McDonald 's .
1012150929.jpg,A little kid playing GameCube at McDonald 's .
1012212859.jpg,White dog with brown ears standing near water with head turned to one side .
1012212859.jpg,"Dog with orange ball at feet , stands on shore shaking off water"
1012212859.jpg,A white dog shakes on the edge of a beach with an orange ball .
1012212859.jpg,White dog playing with a red ball on the shore near the water .
1012212859.jpg,"A dog shakes its head near the shore , a red ball next to it ."
1012328893.jpg,A group of people picnicking at picnic tables in front of a playground .
1012328893.jpg,A group of people enjoying a beautiful day in the park .
1012328893.jpg,A group of people are having a picnic at the park .
1012328893.jpg,The reunion is in full swing with a moon bounce .
1012328893.jpg,A group of people having a barbecue at a park .
101262930.jpg,"Two asian or spanish people , a woman and a man , sitting together in front of a glass window as cars pass ."
101262930.jpg,A man in sunglasses puts his arm around a woman in a black and white blouse .
101262930.jpg,A man in sunglasses puts his arm around a woman .
101262930.jpg,A man and woman pose in front of some traffic .
101262930.jpg,An Asian couple sitting on the bench .
1013536888.jpg,"Women are seated at a picnic table eating , while a man in a white t-shirt and a yellow and orange balloon design on his head stands in the background ."
1013536888.jpg,An elderly woman is eating a burger while the man next to her touching his hat .
1013536888.jpg,A man with a balloon hat and people eating outdoors at picnic tables .
1013536888.jpg,Two older women sit at a table with two coolers in front of them .
1013536888.jpg,A gray-haired person with glasses enjoys a sandwich .
101362133.jpg,A young female student performing a downward kick to break a board held by her Karate instructor .
101362133.jpg,Girl about to kick a piece of wood in half while karate instructor holds it
101362133.jpg,A girl kicking a stick that a man is holding in tae kwon do class .
101362133.jpg,A girl in karate uniform breaking a stick with a front kick .
101362133.jpg,A girl breaking boards by using karate .
101362650.jpg,Two people are demonstrating martial arts to a crowd and jumping over three youngsters who are crouched on the mat .
101362650.jpg,A boy jump kicking over three kids kicking wood during a tae kwon do competition .
101362650.jpg,A boy jumps over three other students in a martial arts demonstration .
101362650.jpg,A crowd is watching a group of five martial artists perform .
101362650.jpg,A crowd of people watch a martial arts demonstration .
1014609273.jpg,People on two balconies and a man climbing up a pipe towards the lower balcony getting liquid poured on him .
1014609273.jpg,A kid in a red sweatshirt is reaching to hand something to a man in a white shirt
1014609273.jpg,A young boy empties a bottle over the railing of a balcony unto the man below .
1014609273.jpg,a boy in a red jacket pouring water on a man in a white shirt
1014609273.jpg,A young man pouring the contents of a bottle .
101471792.jpg,A man with a red jacket is shielding himself from the sun trying to read a piece of paper .
101471792.jpg,a man wearing a red coat is outside with his hand over his head to block out the sun .
101471792.jpg,A man in a red jacket shades the sun from his eyes on a busy street .
101471792.jpg,An elderly man in a red jacket shielding his face from the sun .
101471792.jpg,Man in red jacket shielding face from the sun to read .
1014785440.jpg,Two men are carrying children on their backs down the street on a sunny day in a nice neighborhood .
1014785440.jpg,"Two men , each with a small child on their backs , walk on a paved road ."
1014785440.jpg,Two men are out for a stroll with their two young children .
1014785440.jpg,Men walking down a street with children .
1014785440.jpg,Two men walking with children .
1015118661.jpg,Smiling boy in white shirt and blue jeans in front of rock wall with man in overalls behind him .
1015118661.jpg,A little boy is standing on the street while a man in overalls is working on a stone wall .
1015118661.jpg,A young child is walking on a stone paved street with a metal pole and a man behind him .
1015118661.jpg,A boy smiles in front of a stony wall in a city .
1015118661.jpg,A young boy runs aross the street .
1015584366.jpg,A mottled black and gray dog in a blue collar jumping over a fallen tree .
1015584366.jpg,A gray dog is leaping over a fallen tree .
1015584366.jpg,A large black dog leaps a fallen log .
1015584366.jpg,The black dog jumped the tree stump .
1015584366.jpg,A black dog leaps over a log .
101559400.jpg,"Men in the business suits are crossing the street , and there are people with placards are gathering on the street ."
101559400.jpg,A man in a suit runs across an intersection while a large group of people assembles .
101559400.jpg,"A man in a suit is running past two other gentleman , also dressed in a suit ."
101559400.jpg,A man in a suit is hurrying across the street .
101559400.jpg,A man in a suit is running across the street .
1015712668.jpg,A man in a red long-sleeved shirt bikes over a body of water on a bridge .
1015712668.jpg,A man riding his bike across the bridge that is over the river .
1015712668.jpg,A man in red on a bicycle rides past a glass structure .
1015712668.jpg,Man in a red shirt riding his bicycle around water .
1015712668.jpg,A man in a red shirt rides his bicycle .
10160966.jpg,A barefooted man wearing olive green shorts grilling hotdogs on a small propane grill while holding a blue plastic cup .
10160966.jpg,A guy in shorts and a white t-shirt sits on the ground in front of a grill with hotdogs on it .
10160966.jpg,A young man in sunglasses holds a blue cup next to a grill with sausages .
10160966.jpg,"A young man , wearing a white shirt , prepares hotdogs on a small grill ."
10160966.jpg,A man is holding his cup while he grills hotdogs .
101654506.jpg,The white and brown dog is running over the surface of the snow .
101654506.jpg,a white and brown dog is running through a snow covered field .
101654506.jpg,A brown and white dog is running through the snow .
101654506.jpg,A dog running through snow .
101654506.jpg,A dog is running in the snow
1016626169.jpg,Man on scooter attracts attention from some of those in large crowd .
1016626169.jpg,A crowd is standing and waiting for the green light .
1016626169.jpg,People stop and look at an older woman outside .
1016626169.jpg,A crowd of people waiting to cross a street .
1016626169.jpg,A crowd of people waiting for the light .
101669240.jpg,A person wearing skis looking at framed pictures set up in the snow .
101669240.jpg,A man in a hat is displaying pictures next to a skier in a blue hat .
101669240.jpg,A man skis past another man displaying paintings in the snow .
101669240.jpg,A skier looks at framed pictures in the snow next to trees .
101669240.jpg,Man on skis looking at artwork for sale in the snow
1016887272.jpg,Several climbers in a row are climbing the rock while the man in red watches and holds the line .
1016887272.jpg,Seven climbers are ascending a rock face whilst another man stands holding the rope .
1016887272.jpg,A group of people are rock climbing on a rock climbing wall .
1016887272.jpg,A group of people climbing a rock while one man belays
1016887272.jpg,A collage of one person climbing a cliff .
1017675163.jpg,"A young gymnast , jumps high in the air , while performing on a balance beam ."
1017675163.jpg,A woman wearing an orange leotard doing gymnastics in front of an audience .
1017675163.jpg,A gymnast performing on the balance beam in front of an audience .
1017675163.jpg,The young gymnast 's supple body soars above the balance beam .
1017675163.jpg,A gymnast is performing on the balance beam .
1018057225.jpg,a boy in a black t-shirt and blue jeans is pushing a toy three wheeler around a small pool .
1018057225.jpg,A young boy is pushing a toy ATV around a rubber pool
1018057225.jpg,a boy pushing a red toy atv next to a pool
1018057225.jpg,A boy pushing a miniature car on a lawn .
1018057225.jpg,A young boy pushing his toy quad .
1018148011.jpg,A group of people stand in the back of a truck filled with cotton .
1018148011.jpg,Men are standing on and about a truck carrying a white substance .
1018148011.jpg,A group of people are standing on a pile of wool in a truck .
1018148011.jpg,A group of men are loading cotton onto a truck
1018148011.jpg,Workers load sheared wool onto a truck .
101859883.jpg,a woman with a red jacket and headscarf looks out over a scenic view of a bay through a set of pay binoculars on a viewing deck .
101859883.jpg,A woman inside a building is wearing a headscarf and looking out of a window through a mounted telescope .
101859883.jpg,Woman in red windbreaker looking though a rooftop binoculars at the city below .
101859883.jpg,A woman in a headscarf uses a telescope to look out over the city and bay .
101859883.jpg,A Woman is looking through a telescope while wearing a red coat .
10188041.jpg,A man in a black coat walks past a red spaceship with a parking ticket stuck to its window .
10188041.jpg,A man is standing in front of a small red object that looks like a plane .
10188041.jpg,A man wearing a black jacket is walking towards the street .
10188041.jpg,A man in a black jacket is moving towards a street .
10188041.jpg,Man in black coat examining airplane nose .
1019077836.jpg,Large brown dog running away from the sprinkler in the grass .
1019077836.jpg,A brown dog chases the water from a sprinkler on a lawn .
1019077836.jpg,A brown dog running on a lawn near a garden hose
1019077836.jpg,a brown dog plays with the hose .
1019077836.jpg,A dog is playing with a hose .
101958970.jpg,A man and a little girl happily posing in front of their cart in a supermarket .
101958970.jpg,A man sitting with his daughter in his daughter 's pink car in a grocery store .
101958970.jpg,A man is sitting on a pink cart with a little girl in the grocery store .
101958970.jpg,A man with his daughter sitting on a stroller in a supermarket .
101958970.jpg,The little girl and the man are smiling .
1019604187.jpg,A dog prepares to catch a thrown object in a field with nearby cars .
1019604187.jpg,A white dog is ready to catch a yellow ball flying through the air .
1019604187.jpg,A white dog is about to catch a yellow ball in its mouth .
1019604187.jpg,A white dog is about to catch a yellow dog toy .
1019604187.jpg,A white dog running after a yellow ball
102030371.jpg,A man wearing a green shirt and a dark colored vest is sitting at a table with a glass of water in front of him .
102030371.jpg,Guy in green shirt with hand covering part of his face in restaurant booth .
102030371.jpg,Man sitting at a table at a restaurant with a glass of water .
102030371.jpg,A man in a green sweater and black vest sitting in a booth .
102030371.jpg,A boy in a green sweater is sitting at a table .
1020651753.jpg,A white dog is trying to catch a ball in midair over a grassy field .
1020651753.jpg,The white dog is playing in a green field with a yellow toy .
1020651753.jpg,a black and white dog jumping in the air to get a toy .
1020651753.jpg,A black and white dog jumps up towards a yellow toy .
1020651753.jpg,A dog leaps to catch a ball in a field .
1021293940.jpg,Two men are hiking in a forest where snow is partially covering the ground .
1021293940.jpg,Two men hiking in the snowy wilderness .
1021293940.jpg,Two hikers resting by a patch of snow .
1021293940.jpg,Two men look up while hiking .
1021293940.jpg,Two men hiking in the snow .
1021332107.jpg,"An elderly man with facial hair and glasses , standing in his living room holding a hutch cabinet with glass doors ."
1021332107.jpg,An older man in a gray shirt with a white long-sleeve shirt under it holding up a small wooden cabinet .
1021332107.jpg,"A middle-aged man with a white beard and glasses holds up a small , wooden handmade cabinet ."
1021332107.jpg,A man showing off his new wooden creation .
1021332107.jpg,A man with beard carrying a cabinet .
1021439420.jpg,"two guys sitting on the floor , with the guy in the green jacket reading a piece of paper ."
1021439420.jpg,A elderly father and his grown son are preparing for a camping trip in the wild .
1021439420.jpg,Two men sit on the floor with camping equipment .
1021439420.jpg,Two men sitting on their living floor .
1021439420.jpg,Two guys sorting through some items .
1021442086.jpg,"A bearded man wearing glasses , a red shirt , and a hat is reading a map while sitting in a car ."
1021442086.jpg,A bearded traveler in a red shirt sitting in a car and reading a map .
1021442086.jpg,A man wearing a baseball cap is sitting in a car looking at a map .
1021442086.jpg,a man in a red t-shirt is sitting in a car looking at a map .
1021442086.jpg,A man trying to decipher a map .
1022454332.jpg,a large lake with a lone duck swimming in it with several people around the edge of it .
1022454332.jpg,A young boy waves his hand at the duck in the water surrounded by a green park .
1022454332.jpg,"Two people are at the edge of a lake , facing the water and the city skyline ."
1022454332.jpg,A child and a woman are at waters edge in a big city .
1022454332.jpg,A little boy at a lake watching a duck .
1022454428.jpg,"A couple and an infant , being held by the male , sitting next to a pond with a nearby stroller ."
1022454428.jpg,A man and woman care for an infant along the side of a body of water .
1022454428.jpg,A couple with their newborn baby sitting under a tree facing a lake .
1022454428.jpg,Couple with a baby sit outdoors next to their stroller .
1022454428.jpg,A couple sit on the grass with a baby and stroller .
102268204.jpg,Three men are standing at night near a black car near a shelter filled with bicycles .
102268204.jpg,Some men standing in front of a building next to a parked car .
102268204.jpg,There are a lot of bikes parked under the curved roof tonight .
102268204.jpg,police questioning the driver of a black wagon at nighttime .
102268204.jpg,Men under a dome beside a black station wagon .
1022975728.jpg,A black lab with tags frolicks in the water .
1022975728.jpg,This is a black dog splashing in the water .
1022975728.jpg,The black dog runs through the water .
1022975728.jpg,A black dog running in the surf .
1022975728.jpg,A dog splashes in the water
102351840.jpg,A man is drilling through the frozen ice of a pond .
102351840.jpg,A person in the snow drilling a hole in the ice .
102351840.jpg,A person standing on a frozen lake .
102351840.jpg,A man drilling a hole in the ice .
102351840.jpg,Two men are ice fishing .
1024138940.jpg,Two different breeds of brown and white dogs play on the beach .
1024138940.jpg,Two dogs are making a turn on a soft sand beach .
1024138940.jpg,Two large tan dogs play along a sandy beach .
1024138940.jpg,Two dogs playing in the sand at the beach .
1024138940.jpg,Two dogs playing together on a beach .
102455176.jpg,an ice climber in a blue jacket and black pants is scaling a frozen ice wall .
102455176.jpg,A person in blue and red ice climbing with two picks .
102455176.jpg,A man uses ice picks and crampons to scale ice .
102455176.jpg,An ice climber scaling a frozen waterfall .
102455176.jpg,Climber climbing an ice wall
1024613706.jpg,Two young men and a young lady walk through a field near the water .
1024613706.jpg,Three people walking through a beautiful meadow towards the ocean .
1024613706.jpg,Two men and a woman are walking through a field .
1024613706.jpg,Two males and one female walking on a path .
1024613706.jpg,Three people walking on a path in a meadow .
102520526.jpg,"A man in black attire shovels snow into the street , disregarding all public safety ."
102520526.jpg,"Man in black jacket gray snow cap , shovels snow near a street with cars ."
102520526.jpg,A man shoveling snow off the roads and sidewalks in a city .
102520526.jpg,A person is cleaning snow and ice off of a city sidewalk .
102520526.jpg,A man shovels slush of the street .
102575576.jpg,A couple in their wedding attire stand behind a table with a wedding cake and flowers .
102575576.jpg,A bride and groom are standing in front of their wedding cake at their reception .
102575576.jpg,A bride and groom smile as they view their wedding cake at the reception .
102575576.jpg,A couple stands behind their wedding cake .
102575576.jpg,Man and woman cutting wedding cake .
102617084.jpg,"Five snowmobile riders all wearing helmets and goggles line up in a snowy clearing in a forest in front of their snowmobiles ; they are all wearing black snow pants and from left to right they are wearing a black coat , white coat , red coat , blue coat , and black coat ."
102617084.jpg,"Five people wearing winter jackets and helmets stand in the snow , with snowmobiles in the background ."
102617084.jpg,"Five people wearing winter clothing , helmets , and ski goggles stand outside in the snow ."
102617084.jpg,A group of snowmobile riders gather in the snow .
102617084.jpg,Group gathered to go snowmobiling .
1026685415.jpg,A black dog carries a green toy in his mouth as he walks through the grass .
1026685415.jpg,A wet black dog is carrying a green toy through the grass .
1026685415.jpg,A black dog carrying something through the grass .
1026685415.jpg,A dog in grass with a blue item in his mouth .
1026685415.jpg,A black dog has a blue toy in its mouth .
1026792563.jpg,A group of woman and children are standing or sitting in front of rows of vegetables .
1026792563.jpg,A group of women are trying to sell their vegetable harvest .
1026792563.jpg,People lay out vegetables on blankets at a street market .
1026792563.jpg,Villagers selling their crops at the market .
1026792563.jpg,These are some very large onions .
1027149103.jpg,A band is playing in front of an audience and the singer is wearing an orange shirt and has tattoos on his arm .
1027149103.jpg,In a crowded concert a man in white is approaching the main singer who is wearing a yellow shirt .
1027149103.jpg,A man wearing a yellow t-shirt is shouting into a microphone while an audience is listening .
1027149103.jpg,A man in an orange shirt sings for the crowd below a sign that says Lucky 13 .
1027149103.jpg,A punk rocker screaming on stage at concert .
1027211271.jpg,A young woman with short blond-hair wearing jeans and a striped long-sleeved sweater jumping in midair on a skateboard with trees in the background .
1027211271.jpg,A young man is in midair while skateboarding at a skate park with people watching him in the background .
1027211271.jpg,"This person is performing a trick in skateboarding competition , with people watching in the background ."
1027211271.jpg,A boy jumps on his skateboard while a crowd watches
1027211271.jpg,Someone skateboarding at a skate park .
1028205764.jpg,A man and a little boy in blue life jackets are rowing a yellow canoe .
1028205764.jpg,A man and a baby are in a yellow kayak on water .
1028205764.jpg,A man and child kayak through gentle waters .
1028205764.jpg,A man and young boy ride in a yellow kayak .
1028205764.jpg,Man and child in yellow kayak
102851549.jpg,A little boy looks at the camera while a woman behind him seems to be laughing very hard and the woman on the right has a big smile on her face .
102851549.jpg,"Three people on a porch , of which is a little boy who is sitting up straight in his chair ."
102851549.jpg,A woman in a dark dress smiles while a woman across from her and a child sit in chairs .
102851549.jpg,"Two people are sitting on a bench , and one women is standing by them ."
102851549.jpg,"Two women , boy sitting on porch , the ladies laughing hard ."
102860573.jpg,A construction site on a street with three men working .
102860573.jpg,Two men wearing hard hats are in a construction area .
102860573.jpg,Two men in orange vests work in road construction .
102860573.jpg,Construction workers installing a light post .
102860573.jpg,Workers in orange vests work in a street .
10287332.jpg,Two men sitting on the roof of a house while another one stands on a ladder .
10287332.jpg,Two men on a rooftop while another man stands atop a ladder watching them
10287332.jpg,"Three men , one on a ladder , work on a roof ."
10287332.jpg,People are fixing the roof of a house .
10287332.jpg,Three men are working on a roof .
1028982826.jpg,"Two men , one younger guy with a yellow shirt that has luggage and the other and older guy , are sitting on a bench in front of a large building that has a billboard for glasses and sunglasses ."
1028982826.jpg,"A man in a yellow shirt , with a tall gray suitcase , sitting next to another man in a white shirt and gray pants , behind them a tall billboard for sunglasses and prescription glasses ."
1028982826.jpg,"Two men sitting on a bench talking , with a billboard advertisement for glasses in the background ."
1028982826.jpg,Two men sitting on a bench in front of a sign with a picture of man and a lady .
1028982826.jpg,2 men are sitting at a bench outside the airport in front of a billboard .
1029450589.jpg,An adult wearing a gray shirt with red sleeves sleeping on a couch .
1029450589.jpg,A woman in black pants napping on the couch .
1029450589.jpg,A man sleeping in a green room on a couch .
1029450589.jpg,The young woman is sleeping in her room .
1029450589.jpg,A long-haired man sleeping on a couch
1029737941.jpg,Boy in brown shirt with headphones on sits on woman 's shoulders in a crowd .
1029737941.jpg,A kid wearing headphones sits on his mom 's shoulders while in a crowd .
1029737941.jpg,A boy with headphones on sitting on top of a woman 's shoulders .
1029737941.jpg,A child with headphones riding on his mother 's shoulders .
1029737941.jpg,A boy wearing headphones sits on a woman 's shoulders .
1029802110.jpg,"During a gay pride parade in an Asian city , some people hold up rainbow flags to show support ."
1029802110.jpg,A group of youths march down the street waving flags showing the color spectrum .
1029802110.jpg,Oriental people with rainbow flags walking down a city street .
1029802110.jpg,A group of people walk down the street waving rainbow flags .
1029802110.jpg,People are outside waving flags .
102998070.jpg,"A young man in a blue sweater cleaning fish while three other men watch , one a man a cigarette , or match in his month ."
102998070.jpg,Three older men stare into the pan of a street vendor who is cooking fish .
102998070.jpg,Three old men are watching another man prepare fish .
102998070.jpg,A fish sellers stock is looked upon by two old men .
102998070.jpg,Three men watch as fish is being prepared .
1030041880.jpg,Woman in a green dress with a white top and red-hair singing in a room with a blue roof while band equipment is being prepared .
1030041880.jpg,A red-haired woman in a white top and green and white skirt is singing into a microphone .
1030041880.jpg,"A woman in a white tank top with a green flowing skirt , on stage singing a song ."
1030041880.jpg,A woman in a green skirt and white tank top singing into a microphone .
1030041880.jpg,A girl in a green skirt is singing Karaoke .
103031977.jpg,Four college-aged individuals - two males and two females - sitting on the concrete steps outside of a brick building
103031977.jpg,Two guys and two girls sitting on the stairs outside of a building .
103031977.jpg,Four people sit on the steps of the entrance to a building .
103031977.jpg,two men and two women sitting on steps outdoors .
103031977.jpg,Multiple students sitting on stairs at a school .
1030985833.jpg,The Chocolate Lab jumps too late to get the toy as the Black Lab captures it in the driveway .
1030985833.jpg,A brown and black lab are outside and the black lab is catching a toy in its mouth .
1030985833.jpg,A black dog and a brown dog play with a red toy on a courtyard .
1030985833.jpg,A black dog and a brown dog are jumping up to catch a red toy .
1030985833.jpg,Black dog snaps at red and black object as brown dog lunges .
103106960.jpg,A young male kneeling in front of a hockey goal with a hockey stick in his right hand .
103106960.jpg,A child in a red jacket playing street hockey guarding a goal .
103106960.jpg,"Hockey goalie boy in red jacket crouches by goal , with stick ."
103106960.jpg,A boy with a stick kneeling in front of a goalie net
103106960.jpg,A young kid playing the goalie in a hockey rink .
103195344.jpg,The man with the backpack is sitting in a buildings courtyard in front of an art sculpture reading .
103195344.jpg,A man in black is sitting next to a modern art structure in front of a glass building .
103195344.jpg,A man sits and reads a newspaper by a sculpture outside of an office building .
103195344.jpg,A man sitting in front of a metal sculpture in front of a building .
103195344.jpg,a man sits near a large statue .
1031973097.jpg,A toddler in a blue shirt with red shorts and hat looks out from behind a fenced in area of a brick patio .
1031973097.jpg,A young child wearing a blue shirt and red hat grabs onto black bars in front of him .
1031973097.jpg,"The little boy looks like he is saying , let me out of jail ."
1031973097.jpg,Toddler boy in a red hat holding on to some railings .
1031973097.jpg,Little boy wanting to play outside of fence .
103205630.jpg,"Two men , standing on an ice , looking into something covered with a blue tarp ."
103205630.jpg,Two men are about to enter an ice fishing tent on a snow covered lake .
103205630.jpg,Two people standing outside a blue tent structure on a snowy surface .
103205630.jpg,two men setting up a blue ice fishing hut on an iced over lake
103205630.jpg,A tent is being set up on the ice .
1032122270.jpg,Three dogs are standing in the grass and a person is sitting next to them
1032122270.jpg,Three dogs stand in a grassy field while a person kneels nearby .
1032122270.jpg,Three dogs are playing on grassy hill with a blue sky .
1032122270.jpg,A woman crouches near three dogs in a field .
1032122270.jpg,Three dogs on a grassy hill
1032460886.jpg,There is a skyscraper in the distance with a man walking in front of the camera .
1032460886.jpg,Behind the man in a red shirt stands a large skyscraper .
1032460886.jpg,A man stands in front of a very tall building .
1032460886.jpg,a man is standing in front of a skyscraper
1032460886.jpg,A man stands in front of a skyscraper .
103306033.jpg,A woman wearing a brown dress with a matching turban is pushing a toddler through a park in his stroller .
103306033.jpg,Woman dressed in brown African attire pushing a toddler in a stroller .
103306033.jpg,A woman is walking her baby with a stroller at the local park .
103306033.jpg,The lady is pushing a child in a stroller .
103306033.jpg,A woman pushes her baby in a stroller .
103328091.jpg,A Asian male wearing a red shirt is sitting next to a grocery stand selling fruits .
103328091.jpg,man in red shirt is sitting next to fruit that is for sale .
103328091.jpg,A man in a red shirt is sitting by fruit for sale .
103328091.jpg,A man in a red shirt sits next to a fruit stand .
103328091.jpg,An oriental man selling produce .
1033767085.jpg,a young child with a Band-Aid on his head sits eating at a small white table with a little girl eating off a yellow plate .
1033767085.jpg,A young blond-haired boy and a dark-haired girl are eating at a kid 's table .
1033767085.jpg,Two children are sitting at a table eating food .
1033767085.jpg,Two children eating at a small table .
1033767085.jpg,Two children eating food .
1034276567.jpg,A small boy putting something in his mouth with both hands .
1034276567.jpg,A boy bites hard into a treat while he sits outside .
1034276567.jpg,The boy eats his food outside at the table .
1034276567.jpg,The boy is eating pizza over a tin dish .
1034276567.jpg,A child biting into a baked good .
1034985636.jpg,A man with wild hair rocks a show playing a guitar center stage .
1034985636.jpg,A man wearing black is playing an electric guitar at a concert .
1034985636.jpg,A man on stage playing the electric guitar during a concert .
1034985636.jpg,A man playing an electric guitar on stage .
1034985636.jpg,A man playing guitar at a concert .
1035019794.jpg,A person in a green outfit and helmet is swinging a baseball bat at a tennis ball in front of a fence .
1035019794.jpg,A girl playing softball hits the ball almost directly downwards
1035019794.jpg,A young girl is playing baseball and is striking out .
1035019794.jpg,A girl hitting a softball but she missed the ball .
1035019794.jpg,The batter missed the ball .
10350842.jpg,A man in a green shirt and red life jacket is sitting in a canoe drifting around the lake .
10350842.jpg,A man wearing a life jacket is in a small boat on a lake with a ferry in view .
10350842.jpg,A man wearing a red life-vest is sitting in a canoe on a body of water .
10350842.jpg,A balding man wearing a red life jacket is sitting in a small boat .
10350842.jpg,A man in a red life vest is riding in a canoe .
1035392784.jpg,A man in black with long hair playing a guitar with stickers on it .
1035392784.jpg,"A long-haired musician , playing his guitar in a performance ."
1035392784.jpg,A rock artist performs on stage with an electric guitar .
1035392784.jpg,A man in a black shirt plays a black-colored guitar .
1035392784.jpg,A man wearing black is playing an electric guitar .
103625356.jpg,A man in a black shirt crouches next to a dirty unfinished concrete edge while several shovels and other tools lean against a tree nearby .
103625356.jpg,A man in a baseball cap works to spread cement behind a line of yellow caution tape .
103625356.jpg,A man in a black shirt and baseball cap is applying filler to a trench in the floor .
103625356.jpg,A man wearing a black shirt smoothing out concrete in an urban area .
103625356.jpg,A man is bent over smoothing cement in a sidewalk opening .
103631543.jpg,A Caucasian young woman in a white hooded sweatshirt sits at a table set for two in a lowly lit restaurant .
103631543.jpg,A woman in a white shirt is sitting at a table in a nice restaurant .
103631543.jpg,A young woman sits at a dinner table with two entrees and a martini .
103631543.jpg,A dark-haired young woman hesitates before dining .
103631543.jpg,Woman having a fancy dinner .
1039360778.jpg,A woman in a blue shirt and sunglasses lies on a red blanket in a grassy field with a bike set down next to her .
1039360778.jpg,A woman relaxes with her bike on a red blanket in a field of green grass and trees .
1039360778.jpg,A lady laid her bicycle on the green lawn as she lies in a red blanket .
1039360778.jpg,A woman is laying on a red blanket in a park .
1039360778.jpg,A girl suns herself on a red blanket .
103953336.jpg,Someone is standing on a long bridge with a cloudy blue sky in the background .
103953336.jpg,A solitary man stand on a bridge in the evening .
103953336.jpg,One person is standing on a bridge at night .
103953336.jpg,Person crossing a bridge in dim light .
103953336.jpg,A man stands on a bridge at night .
1039637574.jpg,A bride in a light pink dress poses for a picture with male relatives and is being photographed by a man in a cream shirt with white pants .
1039637574.jpg,A man in light colored clothing photographs a group of men wearing dark suits and hats standing around a woman dressed in a strapless gown .
1039637574.jpg,A photographer takes a picture of a group of one girl in a pink dress and 10 boys in suits and hats .
1039637574.jpg,A man photographs a woman in a pink dress and a throng of men in suits .
1039637574.jpg,Man taking a photograph of a well dressed group of teens .
10404007.jpg,Young white boy on a grassy area with a sad expression on his face .
10404007.jpg,A baby boy crying standing on a field of grass .
10404007.jpg,A toddler is walking in on a grassy knoll .
10404007.jpg,A blond toddler walks in a field .
10404007.jpg,A child walks in a grassy field .
1040426962.jpg,A man is cooking what appears to be green beans in a grill basket on a grill with a yellow lab standing by him while someone takes a picture from above .
1040426962.jpg,A man and his dog are grilling green beans on a grill .
1040426962.jpg,A man grilling vegetables on a patio with his dog .
1040426962.jpg,A man and a dog grilling green beans .
1040426962.jpg,Guy and his dog cooking outside
104136873.jpg,Three people are on a hilltop overlooking a green valley .
104136873.jpg,People sit on the mountainside and check out the view .
104136873.jpg,Three people rest on a ledge above the moutains .
104136873.jpg,Three people hang out on top of a big hill .
104136873.jpg,Three people overlook a green valley .
104180524.jpg,A group of tourists is crossing a bridge that connects a walking path to a trail of nature .
104180524.jpg,Many people cross a very tall footbridge with a tree-covered hill in the background .
104180524.jpg,This shows a group of people walking over an arched red bridge .
104180524.jpg,People cross a large bridge to get over the body of water .
104180524.jpg,People walking over a white and red bridge over a pond .
1042020065.jpg,A young boy wearing a jersey looks down over a ledge at many boats in the water .
1042020065.jpg,A boy looks over a railing at the many boats and rafts below in the water .
1042020065.jpg,A boy in a green shirt is looking down at many inflatable boats .
1042020065.jpg,A young boy overlooking a crowd of inflatable boats .
1042020065.jpg,A boy in a green shirt watches kayakers .
1042359076.jpg,A older man holds an object and is looking at two young girls that sit across from him at a table that is outside .
1042359076.jpg,Two little girls and an old man have a conversation .
1042359076.jpg,An old man is telling two girls something .
1042359076.jpg,Two girls and a man were peeling corn .
1042359076.jpg,Two young girls listen to an elder .
1042590306.jpg,A man is holding the hand of a woman up to his mouth in front of some buildings while another man looks on .
1042590306.jpg,Guy in blue shirt biting hand of girl in black striped jacket while another guy watches
1042590306.jpg,"Asian man and blond woman holding hands outdoors , man in background watches ."
1042590306.jpg,A man and woman pose for the camera while another man looks on .
1042590306.jpg,A multiracial couple posing for a picture
104285082.jpg,A man with glasses is sitting a chair playing the oboe while a man in a purple shirt plays percussion and spectators look on .
104285082.jpg,An older man with gray hair is sitting in a chair playing a large instrument made of bamboo .
104285082.jpg,Gray-haired man in dress shirt plays the bassoon while reading sheet music from a stand
104285082.jpg,A gray-haired man sitting in a chair playing a wind instrument among other musicians .
104285082.jpg,A man playing a musical instrument .
1043819504.jpg,"A group of 11 people in winter wear such as beanies , skiing jackets , gloves and backpacks are standing in snow paddles outside a house made of ice blocks while a person in front of the door seems to be leading them ."
1043819504.jpg,"A group of people wearing snowshoes , and dressed for winter hiking , is standing in front of a building that looks like it 's made of blocks of ice ."
1043819504.jpg,The people are quietly listening while the story of the ice cabin was explained to them .
1043819504.jpg,A group of people standing in front of an igloo .
1043819504.jpg,Several students waiting outside an igloo .
1043910339.jpg,"A baseball player in red leaps into the air to avoid a player in blue , who is shortly behind him as he catches the ball , while other blue team members look on in the background ."
1043910339.jpg,"A boy in a red uniform is attempting to avoid getting out at home plate , while the catcher in the blue uniform is attempting to catch him ."
1043910339.jpg,A baseball player coming into home plate with knee held high and the catcher right in front of him waiting for the ball .
1043910339.jpg,A baseball player attempting to score a run before the catcher tags the player out .
1043910339.jpg,A baseball catcher trying to tag a base runner in a baseball game .
1044434135.jpg,A man in the foreground wearing a white shirt and black pants riding a bicycle with a basket in a busy street .
1044434135.jpg,This photo takes place in a busy street in an Asian city where people are riding bikes and walking .
1044434135.jpg,A very bus street is shown with Asian people all around walking and riding bicycles .
1044434135.jpg,A man in a white shirt rides a bicycle on a busy street .
1044434135.jpg,An Asian man riding a bike in the road .
1044764620.jpg,A man on a ladder is painting a brick wall in a warehouse .
1044764620.jpg,A man is standing on a ladder painting bricks
1044764620.jpg,A construction site with building material .
1044764620.jpg,Man painting a brick wall on a ladder .
1044764620.jpg,A man is panting a piece of wood .
1044798682.jpg,A man wearing a hat and a white shirt is cleaning windows .
1044798682.jpg,A man in a white shirt stands high up on scaffolding
1044798682.jpg,A man stands on boards on top of a huge ladder .
1044798682.jpg,Man works on top of scaffolding .
1044798682.jpg,A guy works on a building .
1045124251.jpg,a blond-haired man with glasses and a blank tank top is sitting next to another man with glasses and headphones while sitting on a train .
1045124251.jpg,A blond man wearing glasses is sitting in the train looking down at something .
1045124251.jpg,White man with glasses sitting next to another man who has earphones in .
1045124251.jpg,A 30 somethings man playing with his phone on a subway train .
1045124251.jpg,"Two guys are riding on a subway , both wearing glasses ."
1045309098.jpg,Juggling her shopping bags and Betty Boop backpack and young woman crosses a city street .
1045309098.jpg,Woman crossing the street at a crosswalk with multiple bags in her hands .
1045309098.jpg,A girl with numerous bags walks on a crosswalk along with other people .
1045309098.jpg,Two women are walking in a crosswalk with a bus in the background .
1045309098.jpg,Two women walking through a crosswalk .
1045521051.jpg,A young man sits on the floor by the television with a fast food meal in front of him .
1045521051.jpg,A person sits on the floor and eats in front of a television .
1045521051.jpg,A person eats takeout while watching a small television .
1045521051.jpg,Someone is laying in front of the TV eating food .
1045521051.jpg,A television with a picture of a girl on it .
10459869.jpg,Several asian people are eating together around a table .
10459869.jpg,A group of people eating Chinese food in a restaurant .
10459869.jpg,Six people are sitting at a table eating food .
10459869.jpg,A group of people are eating noddles .
10459869.jpg,Several Asians eat food outdoors .
104669470.jpg,A woman with flowers in her hair balances a large bowl of assorted fruits on her head .
104669470.jpg,"A dark woman carrying a large bowl of pineapples , bananas and papayas on her head ."
104669470.jpg,A woman with flowers in her hair balances a large bowl of fruit on her head .
104669470.jpg,A woman is carrying a bowl full of fruit on her head near the ocean side .
104669470.jpg,A woman is balancing a big bowl of fruit in front of the ocean .
104700891.jpg,A man wearing a gray jacket and blue work pants is standing in a hole in the ground
104700891.jpg,A man in a blue hat stands near a shovel in a deep hole .
104700891.jpg,A man in a whole next to a septic tank .
104700891.jpg,A guy wearing blue in a hole .
104700891.jpg,A man stands in a hole .
104763189.jpg,A shirtless young boy on a bicycle too big for him being supported by 3 other young shirtless boys in a grass field .
104763189.jpg,Four children are smiling as they pose together with a bicycle that is much too big for them .
104763189.jpg,An African American child is supported by his three peers while riding his bicycle .
104763189.jpg,Four children are smiling and playing on a bike
104763189.jpg,Boys all outside around a big bike .
1047921035.jpg,"A man in a bandanna and a dirty t-shirt , and a woman in a graphic t-shirt , are standing next to a oblong hole with smoke coming out ."
1047921035.jpg,"The man , who is wearing the handkerchief , is performing a task with the tub while the woman watches ."
1047921035.jpg,"Two individuals , a male and a female , standing in a forested area around a tub ."
1047921035.jpg,"Two people , one man and one women in the woods putting something in a tub ."
1047921035.jpg,Steam rises from a large outdoor vat as two workers look on .
104816788.jpg,"This little baby girl dressed whimsically in striped pantaloons is pictured so that one must ask which is bigger , her feet or her sleepy smile ."
104816788.jpg,A sleeping baby is in someone 's arms and wearing a pink striped outfit
104816788.jpg,A sleeping baby in a pink striped outfit .
104816788.jpg,A little baby cradled in someones arms .
104816788.jpg,A little baby is wearing purple pants .
104824673.jpg,An African individual is looking into the camera while dressed in varying beads and decorations that have a cultural relevance .
104824673.jpg,An African native gazes into the camera donning a hat of two corn cobs and necklaces of shells and beads .
104824673.jpg,A member of an African tribe is watching the camera intently in tribal dress .
104824673.jpg,"An African woman with piercings , lots of necklaces and corn on her head ."
104824673.jpg,A person is wearing a lot of jewelry with corn on his or her head .
104835889.jpg,A samurai warrior in full black dress takes his sword from the sheath on an outdoor training mat .
104835889.jpg,A man in a black martial arts suit unsheathes a sword on a training mat in a field .
104835889.jpg,A guy with a sword and traditional fighting gear is getting ready for a fight .
104835889.jpg,"A man in black wields a sword in front of rolling , green hills ."
104835889.jpg,One man dressed in black doing karate in a green field .
1048710776.jpg,a couple of several people sitting on a ledge overlooking the beach
1048710776.jpg,Several young people sitting on a rail above a crowded beach .
1048710776.jpg,A group of people sit on a wall at the beach .
1048710776.jpg,A group of teens sit on a wall by a beach .
1048710776.jpg,Crowd of people at the beach .
1049955899.jpg,"A group of men and women are hiking through a dried up river bed littered with large rocks , which runs between two rocky walls in a dense green forest ."
1049955899.jpg,"Five hikers , one facing towards the camera and the others facing away from it , are walking through a rocky riverbed ."
1049955899.jpg,"Hikers treks upward through the creek bed , stopping to catch their breath and enjoy the cool , green scenery ."
1049955899.jpg,A group of hikers traveling along a rock strewn creek bed .
1049955899.jpg,Two women and three men are hiking along a rocky stream .
105077209.jpg,A man with a badge is standing on a wood floor next to a structure .
105077209.jpg,"A security guard stands by a metal , lighted sculpture ."
105077209.jpg,A white-haired man in a suit stands in an empty room .
105077209.jpg,A security guard on watch duty at the museum .
105077209.jpg,Security guard at a art museum .
1051205546.jpg,Two women in colorful dresses are sweeping water out of the street while a man watches .
1051205546.jpg,"Two women , one in green and the other in purple , washing a sidewalk ."
1051205546.jpg,Two Indian women in saris are bending over a wet street .
1051205546.jpg,Two women in colorful clothing are cleaning the road .
1051205546.jpg,Two woman are sweeping a street .
1051290485.jpg,"Two separate women , one wearing a white top and black pants , the other wearing all black and a pair of pink flip-flops , kneel on a gray brick sidewalk path in front of green and red bushes ."
1051290485.jpg,"Two women squatting on the sidewalk looking at plants , one in black shirt , shorts and pink sandals , the other in a white shirt , black shorts talking on a cellphone ."
1051290485.jpg,A little girl is looking at some plants while another is on the phone in the background .
1051290485.jpg,Two girls crouch in front of some bushes and talk on their phones .
1051290485.jpg,Two girls crouch in front of a garden of small shrubbery .
1051953669.jpg,A young girl wearing a multicolored holding an orange ball in her right hand walking through bright green grass behind a house
1051953669.jpg,A little girl wearing a dress walks across a green lawn on a summer day with a home and trees in the background .
1051953669.jpg,A child in a dress runs through the yard with a miniature orange soccer ball in her hand .
1051953669.jpg,"A little girl stands in a backyard , holding a toy and looking into the camera ."
1051953669.jpg,This little girl is enjoying the spring weather after the long winter break .
105223874.jpg,A young child wearing a blue shirt and sandals playing with a red toy while sitting on the floor .
105223874.jpg,A black-haired child in a blue outfit is playing with a toy outside on a tile floor .
105223874.jpg,A little boy with a blue shirt on sitting on the ground playing with legos .
105223874.jpg,A young child playing with a toy while laying on the floor .
105223874.jpg,A little boy playing with his toy .
1052358063.jpg,A little boy skateboarder is doing a trick on his board while another young skateboarder watches .
1052358063.jpg,A child is performing a skateboard trick while another child with a skateboard leans on a wall .
1052358063.jpg,A boy takes a jump on his skateboard while another boy with a skateboard watches .
1052358063.jpg,a young boy skateboarder jumping on a platform on a skateboard .
1052358063.jpg,Two skateboarders .
1053116826.jpg,"Two little children , one boy and one girl , laugh as they sit on the grass ."
1053116826.jpg,A little boy and a girl sitting down in the grass having fun .
1053116826.jpg,A young boy and a young girl sitting in the grass laughing .
1053116826.jpg,Two children smiling and sitting on grass .
1053116826.jpg,Two kids are laughing in the grass .
1053243591.jpg,"Young woman holding a bottle , reaching out from a bench to shake a man 's hand ."
1053243591.jpg,A man shaking the hand of a woman in an orange shirt sitting on a bench .
1053243591.jpg,A man shaking the hand of a teenager sitting on a bench .
1053243591.jpg,A woman having a drink is shaking hands with someone .
1053243591.jpg,A young girl in a orange shirt shaking a hand .
105335409.jpg,Man talking on a microphone and a crowd of people in front of him .
105335409.jpg,A trolley driver is telling people to move off of the street .
105335409.jpg,A mass transit person making an announcement .
105335409.jpg,A driver communicating on his walkie talkie .
105335409.jpg,a man in a vehicle behind a family crowd
105342180.jpg,"A girl paddling down a large river , as seen from behind her ."
105342180.jpg,A woman with a paddle sits in a boat on the water .
105342180.jpg,A woman paddles a boat down a river .
105342180.jpg,A woman kayaking down a river .
105342180.jpg,A woman with a paddle .
1053804096.jpg,a girl with pigtails is playing in the ocean by the beach .
1053804096.jpg,A girl in pigtails splashes in the shallow water .
1053804096.jpg,A young girl in pigtails plays in the water .
1053804096.jpg,A girl with pigtails plays in the water .
1053804096.jpg,A girls plays in the surf .
1054620089.jpg,A woman in jeans and a red coat and carrying a multicolored handbag spreads put her arms while leaping up from a cobblestone street .
1054620089.jpg,"A lady in a red coat , holding a bluish hand bag likely of asian descent , jumping off the ground for a snapshot ."
1054620089.jpg,"A woman in a red jacket , with a blue and gold handbag is jumping while smiling on a cobblestone street ."
1054620089.jpg,A woman wearing a red coat is jumping outdoors .
1054620089.jpg,Girl in red jumping for joy .
105493603.jpg,Two people sitting beside each other at a table with food on it smiling .
105493603.jpg,A couple wearing white sweaters sit at a restaurant table .
105493603.jpg,A man and woman seated at a table together .
105493603.jpg,A man and a woman eating dinner together .
105493603.jpg,a man and woman wearing khaki smiling .
105493628.jpg,White wine and appetizers on are displayed in an upscale restaurant .
105493628.jpg,Food sits on white plates in front of wineglasses and a wine rack .
105493628.jpg,"A well lit room , with three glasses on the table and two plates ."
105493628.jpg,An elegant food serving on table at a restaurant .
105493628.jpg,A meal is on a table in a restaurant .
1055623002.jpg,A group of four children wearing pajamas have a pillow fight .
1055623002.jpg,A group of young children playing pillow fight on a bed .
1055623002.jpg,Four children are having a pillow fight .
1055623002.jpg,A group of kids have a pillow-fight .
1055623002.jpg,Children having a pillow fight .
1055753357.jpg,Two construction workers are sitting up on the side of a building .
1055753357.jpg,Two constructions workers sit on a beam taking a break .
1055753357.jpg,Two construction workers take a seat on a steel beam .
1055753357.jpg,Two construction workers sitting on an I-beam .
1055753357.jpg,Two men take a break from construction .
1056198351.jpg,A smiling little boy holds a hand mixer in a bowl .
1056198351.jpg,Young boy with blond-hair playing with a mixer .
1056198351.jpg,A child has fun with a blender in the kitchen .
1056198351.jpg,A child using an electric mixer in a bowl .
1056198351.jpg,A child happily mixing batter in a bowl .
1056249424.jpg,"Two boys , one with a yellow and orange ball , play in some water in front of a field ."
1056249424.jpg,Two children play with a balloon in mud on a sunny day .
1056249424.jpg,Two kids are running and playing in some water .
1056249424.jpg,The children are playing in the water .
1056249424.jpg,Two boys play in a puddle .
1056338697.jpg,A woman with blond-hair wearing a blue tube top is waving on the side of the street .
1056338697.jpg,The woman in the blue dress is holding out her arm at oncoming traffic .
1056338697.jpg,A blond woman in a blue shirt appears to wait for a ride .
1056338697.jpg,"A woman is signaling is to traffic , as seen from behind ."
1056338697.jpg,A blond woman is on the street hailing a taxi .
1056359656.jpg,A young girl sits on a seat and looks at a train pamphlet .
1056359656.jpg,A young girl on a train reads a book about train rides .
1056359656.jpg,A little girl looking at a brochure on train rides
1056359656.jpg,Child sitting down looking at train ride brochure
1056359656.jpg,a young blond girl with a magizine in her hands
1056415186.jpg,"Two Asian girls laughing , as the girl on the right holds an instrument ."
1056415186.jpg,Two women are sitting and talking and laughing together .
1056415186.jpg,2 girls in metal chairs are laughing together .
1056415186.jpg,Two women laugh while sitting on the floor .
1056415186.jpg,Two asian women smiling and laughing .
105685221.jpg,"Several people jogging outside on a sunny day in what seems to be a neighborhood , could be part of a marathon ."
105685221.jpg,Seven people are running and one of them is a man wearing a blue t-shirt and red shorts
105685221.jpg,People jogging together on a park sidewalk .
105685221.jpg,a group of joggers running on the sidewalk .
105685221.jpg,Seven joggers run down a path .
1056873310.jpg,Two dogs run towards each other on a rocky area with water in the background .
1056873310.jpg,A brown dog is running after a black dog on a rocky shore .
1056873310.jpg,Two dogs run across stones near a body of water .
1056873310.jpg,A brown dog is running after the black dog .
1056873310.jpg,Two dogs playing on a beach .
1057089366.jpg,A kid jumps off the diving board and into the swimming pool below .
1057089366.jpg,The boy is jumping off a high diving board into the pool .
1057089366.jpg,A child jumps off a high diving board into the pool .
1057089366.jpg,A little kid is jumping off a high dive at the pool .
1057089366.jpg,A boy descends off the end of a high diving board .
1057210460.jpg,A guy stands by a window taking his overshirt off .
1057210460.jpg,A man in a tank top stands next to a chrome door .
1057210460.jpg,The man is putting on his shirt near an elevator .
1057210460.jpg,A man stands by an elevator with his head down .
1057210460.jpg,A man puts his shirt on near an elevator .
1057251835.jpg,A white dog is running down a rocky beach .
1057251835.jpg,Light brown dog running along the beach .
1057251835.jpg,A light-colored dog runs on the beach .
1057251835.jpg,A small yellow dog runs on a beach
1057251835.jpg,A tan dog runs on a sandy beach .
105806535.jpg,"A young man is bathing , with only his shorts on , in a large wooden pale ."
105806535.jpg,A man lounges in a wooden basin of water while eating a fruit .
105806535.jpg,A guy in a huge wooden tub while people are looking over .
105806535.jpg,"A man holding a yellow ball , soaking in a wooden tub ."
105806535.jpg,A man laying in a wooden tub outside .
1059514525.jpg,"A person is sleeping on a bench on the sidewalk , across the street from a bus stop ."
1059514525.jpg,A man with a plaid blanket sleeps on a bench near a city street .
1059514525.jpg,A person laying on a street bench under a blue plaid blanket .
1059514525.jpg,A man is sleeping on a bench near a bus stop .
1059514525.jpg,Someone sleeping on bench on city street .
10602072.jpg,Two young girls are playing in the forest ; the younger one is climbing a short tree and is about 2 feet off the ground .
10602072.jpg,A little girl in a red shirt and jeans climbs a small tree while another little girl looks on .
10602072.jpg,"Two young girl are playing near a small tree , and one has climbed up into the branches ."
10602072.jpg,"One child is climbing in a tree while another , older child , watches ."
10602072.jpg,A young girl watched as a girl younger than her climb a tree .
106027774.jpg,It looks as though a soldier is sleeping in a car on his way home after a deployment .
106027774.jpg,A young man asleep during a car ride wearing his seat belt .
106027774.jpg,a boy in a beige shirt is sleeping in a car .
106027774.jpg,A man asleep in a car that 's driving .
106027774.jpg,A boy sleeps on a car ride .
106027978.jpg,Pink shirted woman sleeping in a car with blue and white blanket on her .
106027978.jpg,A woman in a pink shirt wrapped up in a blue blanket asleep in a car .
106027978.jpg,A woman in a red shirt is under a blanket and sleeping in a vehicle .
106027978.jpg,A lady with brown hair in a pink shirt sleeping in a car .
106027978.jpg,A woman sleeps under a blue and white blanket in a car .
106039369.jpg,One man wearing a white shirt is flipping a pancake by flinging it into the air .
106039369.jpg,"Man is flipping an omelet or pancake in the air , while in his kitchen ."
106039369.jpg,A man in a home kitchen is flipping a pancake extremely high .
106039369.jpg,A guy flipping a pancake high into the air from a skillet .
106039369.jpg,Man flipping pancake in kitchen while looking in awe .
1060605297.jpg,Firefighters converse with a man at the scene of an emergency .
1060605297.jpg,Firefighters wear reflective uniforms and stare upwards .
1060605297.jpg,Several firefighters are responding to an alarm .
1060605297.jpg,Reflections from the firemen 's uniforms .
1060605297.jpg,Firefighters are responding to an event .
1061467336.jpg,"A few firefighters , wearing black , yellow , and pink jackets , standing next to a firetruck ."
1061467336.jpg,Several firefighters stand outside of a building near their firetrucks .
1061467336.jpg,Firefighters at a scene with a firetruck that has it 's lights on .
1061467336.jpg,Firemen stand outside of their firetruck with all its lights on .
1061467336.jpg,Four on-duty firemen talk in front of a firetruck .
1061887159.jpg,A man is kneeling down with a child on a beach where bright blue and red boats are stationed in the background .
1061887159.jpg,"a beach with blue and red boats , with people on shore"
1061887159.jpg,People are doing various activities on the beach .
1061887159.jpg,people at beach looking for things in sand
1061887159.jpg,Many people walking on beach .
106300392.jpg,A man in an orange hard hat and vest looks at an object in his hand while the man next to him stands on a ladder in order to reach the ceiling .
106300392.jpg,"There are two workers , one on a ladder , against a blue wall with a yellow-and-black stripe ."
106300392.jpg,Construction workers in front of blue wall with warning stripe .
106300392.jpg,Men wearing hard hats and safety vests are working .
106300392.jpg,A guy with boots is on a ladder .
106356264.jpg,"A newsstand so packed with magazines , candy and coke-a-cola products that the smiling woman working behind the counter is easy to miss ."
106356264.jpg,A magazine vendor sits behind a very colorful collage of magazines .
106356264.jpg,A newsstand clerk is surrounded by her colorful merchandise .
106356264.jpg,A woman working at a newsstand .
106356264.jpg,A woman in a magazine stand .
10637120.jpg,A large earth moving machine creating a track with a man watching it closely with what looks like surveying equipment .
10637120.jpg,A worker wearing a hard hat watching a large machine dig a trench in the dry dirt .
10637120.jpg,A man in blue overalls and a yellow hard hat is watching a huge machine work .
10637120.jpg,A man in a hard hat is wearing a blue shirt and blue jean overalls .
10637120.jpg,A man in a hard hat looks at some machinery .
106372282.jpg,A man sitting down with this head resting on his fists next to a man with his eyes closed and his together with dough sitting on a table in front of them both .
106372282.jpg,"At the bakery , the fat old baker sleeps while his apprentice rubs the flour out of his eyes , seated beside him ."
106372282.jpg,An all yellow photo of two men sitting in a bakery .
106372282.jpg,A tired looking person makes a lot of bread .
106372282.jpg,Two men relaxing in a bakery
1063866640.jpg,Four men are sitting near a tree talking while another stands looking at a body of water and another is rowing a boat .
1063866640.jpg,Several men are sitting by a river conversing with one another while a boat drifts by them .
1063866640.jpg,Five people sitting in front of a body of water with the sun behind them .
1063866640.jpg,A group of shirtless men are sitting in the shade on a tropical beach .
1063866640.jpg,Five men sitting with a body of water behind them .
106490881.jpg,A young boy in swimming trunks is walking with his arms outstretched on the beach .
106490881.jpg,The boy is playing on the shore of an ocean .
106490881.jpg,A boy in his blue swim shorts at the beach .
106490881.jpg,A boy smiles for the camera at a beach .
106490881.jpg,Children playing on the beach .
106514190.jpg,A skier is overlooking the beautiful white snow covered landscape .
106514190.jpg,A hiker standing high on a bluff overlooking the mountains below .
106514190.jpg,a person on ski 's looks from hill over snow covered landscape
106514190.jpg,A skier is overlooking a snow-covered mountain .
106514190.jpg,A skier pauses on a mountaintop .
1065323785.jpg,Kids riding on their bicycles near a mound of dirt with a hovel from a backhoe in front of the mound .
1065323785.jpg,A boy wearing a red shirt is riding his bike right next to a mound of dirt .
1065323785.jpg,A group of boys are riding their bikes around a big pile of dirt .
1065323785.jpg,Kids are riding bikes near a dirt mound in the street .
1065323785.jpg,The kids are riding bikes in the pile of dirt .
1065831604.jpg,A bunch of people in racing gear and helmets racing bicycles around a corner on wet pavement .
1065831604.jpg,Many men ride their bicycles through some puddles around a curve during a race .
1065831604.jpg,Group of bicyclers rounding a corner with water spraying up from their wheels .
1065831604.jpg,Bikers in a bike race take a sharp left turn .
1065831604.jpg,Several bike riders compete in a competition .
1066252238.jpg,A boy in a pink T-shirt is riding a bike over a sand pile while two others are riding in the street .
1066252238.jpg,Three boys playing and biking with a pile of sand in the middle
1066252238.jpg,3 young boys are riding their bikes around a mound of dirt .
1066252238.jpg,Three kids riding bikes over a dirt mound .
1066252238.jpg,Some young boys ride bikes in the street .
1066831905.jpg,Elderly man with cane bends down to look at some plants and is steadied from behind .
1066831905.jpg,A man and a woman are standing behind an elderly man who is looking at a bush .
1066831905.jpg,A man holds up an older man as the older man bends down to check out plants .
1066831905.jpg,An older man in a white short-sleeve shirt admiring a bush .
1066831905.jpg,Elderly man with a cane bends over near a man and woman .
106691539.jpg,A male surgeon wearing a red cap and teal scrubs performing surgery with two other men wearing teal scrubs .
106691539.jpg,A doctor and nurses in blue scrubs are performing an operation .
106691539.jpg,A surgeon and surgical staff operating on a patient .
106691539.jpg,A surgeon and two assistants perform an operation .
106691539.jpg,Surgical team performing surgery .
1067180831.jpg,A black and white dog is attempting to catch a yellow and purple object in a low cut yard .
1067180831.jpg,A black dog is jumping up to catch a purple and green toy .
1067180831.jpg,A black and white dog jumps after a yellow toy .
1067180831.jpg,a black and white dog jumps to get the Frisbee .
1067180831.jpg,A dog jumps to catch a toy .
1067675215.jpg,A man lies on a mat in a parking lot between a brown SUV and a yellow pickup with an open door .
1067675215.jpg,A shirtless man is laying down in the middle of a busy street .
1067675215.jpg,A man laying down in middle of street during heavy traffic .
1067675215.jpg,A man in blue shorts lays down outside in a parking lot .
1067675215.jpg,A man in blue shorts is laying in the street .
